machine,method,submethod,algorithm,iterations,start time,stop time,total time,time per iteration,baseline power,on-load power,total power used,joules per iteration,iterations per joule
CSE-MTECHLAB-06,key generation,,RSA-2048,100,1791266077.0477638,1791266081.878924,4.831160068511963,0.04831160068511963,2.0329546994892502,9.851652462140558,7.818697762651308,0.3777338041868482,2.647366978850916
CSE-MTECHLAB-06,key generation,,ECDSA P-256,100,1791266081.8842518,1791266083.6321092,1.7478573322296143,0.017478573322296142,2.0329546994892502,14.234746283247675,12.201791583758425,0.2132699088600976,4.688894018593066
CSE-MTECHLAB-06,key generation,,X25519,100,1791266083.6365583,1791266085.3694253,1.7328670024871826,0.017328670024871828,2.0329546994892502,15.475709041145286,13.442754341656036,0.23294505421197054,4.292857830284907
CSE-MTECHLAB-06,key generation,,ECDH P-256,100,1791266085.3754988,1791266087.185354,1.8098552227020264,0.018098552227020264,2.0329546994892502,17.803455911678054,15.770501212188803,0.28542323983508544,3.5035689475663916
CSE-MTECHLAB-06,key generation,,ML-KEM-512,100,1791266087.1923742,1791266089.0040233,1.8116490840911865,0.018116490840911867,2.0329546994892502,19.896467084420053,17.863512384930804,0.3236241585081146,3.0900041721543046
CSE-MTECHLAB-06,key generation,,ML-KEM-768,100,1791266089.0093832,1791266090.801262,1.7918787002563477,0.017918787002563476,2.0329546994892502,16.766762460129584,14.733807760640333,0.2640119629996309,3.787707150230151
CSE-MTECHLAB-06,key generation,,ML-KEM-1024,100,1791266090.8073204,1791266092.622463,1.8151426315307617,0.01815142631530762,2.0329546994892502,18.648066191061737,16.61511149157249,0.3015879719598989,3.315782103315999
CSE-MTECHLAB-06,key generation,,ML-DSA-44,100,1791266092.6318877,1791266094.4293225,1.7974348068237305,0.017974348068237306,2.0329546994892502,18.1191497826242,16.08619508313495,0.28913886951783513,3.4585457211878476
CSE-MTECHLAB-06,key generation,,ML-DSA-65,100,1791266094.438873,1791266096.2432785,1.8044054508209229,0.01804405450820923,2.0329546994892502,16.459767875372663,14.426813175883412,0.26031820332539135,3.8414524502154177
CSE-MTECHLAB-06,key generation,,ML-DSA-87,100,1791266096.2484758,1791266098.0283444,1.7798686027526855,0.017798686027526857,2.0329546994892502,17.054204150945043,15.021249451455793,0.2673585027276217,3.7402962307085317
CSE-MTECHLAB-06,key generation,,SLH-DSA-SHA2-128s,100,1791266098.0331397,1791266101.037173,3.004033327102661,0.03004033327102661,2.0329546994892502,15.891989827011189,13.859035127521938,0.4163300340456238,2.401940571720594
CSE-MTECHLAB-06,key generation,,SLH-DSA-SHA2-128f,100,1791266101.0421576,1791266102.8355875,1.7934298515319824,0.017934298515319823,2.0329546994892502,16.791873844461197,14.758919144971946,0.2646908617093957,3.777992158633345
CSE-MTECHLAB-06,key generation,,SLH-DSA-SHAKE-128s,100,1791266102.8411329,1791266110.3356311,7.494498252868652,0.07494498252868652,2.0329546994892502,19.156708944744317,17.123754245255068,1.2833394627361627,0.7792170575569579
CSE-MTECHLAB-06,key generation,,SLH-DSA-SHA2-192s,100,1791266110.3403888,1791266113.9023042,3.561915397644043,0.03561915397644043,2.0329546994892502,18.293064453939557,16.26010975445031,0.5791713530175866,1.7266047341427038
CSE-MTECHLAB-06,key generation,,SLH-DSA-SHA2-192f,100,1791266113.9092627,1791266115.697021,1.7877583503723145,0.017877583503723146,2.0329546994892502,21.253041793616326,19.220087094127077,0.3436087119740883,2.910287094453561
CSE-MTECHLAB-06,key generation,,SLH-DSA-SHAKE-192s,100,1791266115.7081423,1791266125.7260556,10.017913341522217,0.10017913341522217,2.0329546994892502,19.827513726078077,17.79455902658883,1.782643502789688,0.5609646563853533
CSE-MTECHLAB-06,key generation,,SLH-DSA-SHA2-256s,100,1791266125.7323017,1791266128.7709048,3.0386030673980713,0.030386030673980713,2.0329546994892502,24.702120648445476,22.669165948956227,0.688825971878543,1.4517454928025342
CSE-MTECHLAB-06,key generation,,SLH-DSA-SHA2-256f,100,1791266128.7776208,1791266130.6651003,1.887479543685913,0.018874795436859132,2.0329546994892502,25.400541579706392,23.367586880217143,0.4410584222171318,2.2672733352945764
CSE-MTECHLAB-06,key generation,,SLH-DSA-SHAKE-256s,100,1791266130.6714182,1791266137.8593888,7.1879706382751465,0.07187970638275147,2.0329546994892502,16.416882890939302,14.383928191450051,1.033912535032011,0.9671998028044403
CSE-MTECHLAB-06,signatures,signing,RSA-2048,100,1791266137.9152498,1791266138.6890507,0.7738008499145508,0.007738008499145508,2.0329546994892502,13.247912680689154,11.214957981199904,0.0867814401760846,11.523201250992628
CSE-MTECHLAB-06,signatures,signing,ECDSA P-256,100,1791266138.713632,1791266139.4893985,0.7757663726806641,0.007757663726806641,2.0329546994892502,14.525182099536252,12.492227400047001,0.09691049936836466,10.318799371767955
CSE-MTECHLAB-06,signatures,signing,ML-DSA-44,100,1791266139.5139415,1791266140.5059988,0.9920573234558105,0.009920573234558106,2.0329546994892502,13.58019718957492,11.547242490085669,0.11455526478009598,8.72941110056908
CSE-MTECHLAB-06,signatures,signing,ML-DSA-65,100,1791266140.533052,1791266141.54719,1.0141379833221436,0.010141379833221435,2.0329546994892502,14.216764121533235,12.183809422043984,0.12356063916453017,8.09319219098912
CSE-MTECHLAB-06,signatures,signing,ML-DSA-87,100,1791266141.5781665,1791266142.6066515,1.0284850597381592,0.010284850597381592,2.0329546994892502,13.552516904744525,11.519562205255275,0.11847697622829412,8.440458491049712
CSE-MTECHLAB-06,signatures,signing,SLH-DSA-SHA2-128s,100,1791266142.6451983,1791266152.3937461,9.748547792434692,0.09748547792434692,2.0329546994892502,8.94904981484299,6.916095115353739,0.6742188376905005,1.48319795309405
CSE-MTECHLAB-06,signatures,signing,SLH-DSA-SHA2-128f,100,1791266152.4207838,1791266153.7897003,1.3689165115356445,0.013689165115356445,2.0329546994892502,11.755025330527163,9.722070631037912,0.1330870301314356,7.51388019563145
CSE-MTECHLAB-06,signatures,signing,SLH-DSA-SHAKE-128s,100,1791266153.876752,1791266196.9393208,43.06256890296936,0.4306256890296936,2.0329546994892502,7.571168717454789,5.538214017965538,2.3848972274803177,0.41930528010907875
CSE-MTECHLAB-06,signatures,signing,SLH-DSA-SHA2-192s,100,1791266196.9866636,1791266219.8067298,22.820066213607788,0.22820066213607787,2.0329546994892502,7.504712624384062,5.471757924894812,1.2486587815093275,0.8008593018432474
CSE-MTECHLAB-06,signatures,signing,SLH-DSA-SHA2-192f,100,1791266219.8350058,1791266221.7034702,1.868464469909668,0.01868464469909668,2.0329546994892502,11.744124100802948,9.711169401313697,0.18144974987628582,5.51116769619032
CSE-MTECHLAB-06,signatures,signing,SLH-DSA-SHAKE-192s,100,1791266221.8215017,1791266295.4453678,73.6238660812378,0.7362386608123779,2.0329546994892502,6.8316886563377865,4.798733956848537,3.53301346198505,0.2830444918367626
CSE-MTECHLAB-06,signatures,signing,SLH-DSA-SHA2-256s,100,1791266295.486699,1791266318.6581466,23.17144751548767,0.2317144751548767,2.0329546994892502,8.346551042777344,6.3135963432880935,1.4629516630247494,0.6835495835401929
CSE-MTECHLAB-06,signatures,signing,SLH-DSA-SHA2-256f,100,1791266318.689755,1791266321.6394203,2.9496653079986572,0.02949665307998657,2.0329546994892502,10.473780636852405,8.440825937363154,0.24897611438295342,4.016449539661009
CSE-MTECHLAB-06,signatures,signing,SLH-DSA-SHAKE-256s,100,1791266321.721162,1791266386.970534,65.24937200546265,0.6524937200546265,2.0329546994892502,7.0797465166209825,5.046791817131732,3.292999967101532,0.3036744640116686
